Device,Protocol,Address,Age,MAC Address,Type,Interface
Core1,Internet,10.0.0.1,-,0cd8.5768.5700,ARPA,GigabitEthernet0/0
Core1,Internet,10.0.0.2,12,0cd8.57c8.cb00,ARPA,GigabitEthernet0/0
Core1,Internet,10.0.1.1,-,0cd8.5768.5701,ARPA,GigabitEthernet0/1
Core1,Internet,10.0.1.2,12,0cd8.57e1.fd01,ARPA,GigabitEthernet0/1
Core1,Internet,10.0.1.5,-,0cd8.5768.5702,ARPA,GigabitEthernet0/2
Core1,Internet,10.0.1.6,12,0cd8.57d5.8c01,ARPA,GigabitEthernet0/2
Core1,Internet,10.0.1.9,-,0cd8.5768.5703,ARPA,GigabitEthernet0/3
Core1,Internet,10.0.1.10,12,0cd8.57c1.e701,ARPA,GigabitEthernet0/3
Core1,Internet,10.0.1.13,-,0cd8.5768.5704,ARPA,GigabitEthernet0/4
Core1,Internet,10.0.1.14,12,0cd8.5789.8101,ARPA,GigabitEthernet0/4
Core1,Internet,10.0.1.17,-,0cd8.5768.5705,ARPA,GigabitEthernet0/5
Core1,Internet,10.0.1.18,12,0cd8.579f.7201,ARPA,GigabitEthernet0/5
Core1,Internet,10.0.1.21,-,0cd8.5768.5706,ARPA,GigabitEthernet0/6
Core1,Internet,10.0.1.22,12,0cd8.578a.fe01,ARPA,GigabitEthernet0/6
Core1,Internet,172.16.3.1,0,000c.29ab.f1f6,ARPA,GigabitEthernet0/7
Core1,Internet,172.16.3.201,-,0cd8.5768.5707,ARPA,GigabitEthernet0/7
Core2,Internet,10.0.0.1,12,0cd8.5768.5700,ARPA,GigabitEthernet0/0
Core2,Internet,10.0.0.2,-,0cd8.57c8.cb00,ARPA,GigabitEthernet0/0
Core2,Internet,10.0.2.1,-,0cd8.57c8.cb01,ARPA,GigabitEthernet0/1
Core2,Internet,10.0.2.2,12,0cd8.57e1.fd02,ARPA,GigabitEthernet0/1
Core2,Internet,10.0.2.5,-,0cd8.57c8.cb02,ARPA,GigabitEthernet0/2
Core2,Internet,10.0.2.6,12,0cd8.57d5.8c02,ARPA,GigabitEthernet0/2
Core2,Internet,10.0.2.9,-,0cd8.57c8.cb03,ARPA,GigabitEthernet0/3
Core2,Internet,10.0.2.10,12,0cd8.57c1.e702,ARPA,GigabitEthernet0/3
Core2,Internet,10.0.2.13,-,0cd8.57c8.cb04,ARPA,GigabitEthernet0/4
Core2,Internet,10.0.2.14,12,0cd8.5789.8102,ARPA,GigabitEthernet0/4
Core2,Internet,10.0.2.17,-,0cd8.57c8.cb05,ARPA,GigabitEthernet0/5
Core2,Internet,10.0.2.18,12,0cd8.579f.7202,ARPA,GigabitEthernet0/5
Core2,Internet,10.0.2.21,-,0cd8.57c8.cb06,ARPA,GigabitEthernet0/6
Core2,Internet,10.0.2.22,12,0cd8.578a.fe02,ARPA,GigabitEthernet0/6
Core2,Internet,172.16.3.1,0,000c.29ab.f1f6,ARPA,GigabitEthernet0/7
Core2,Internet,172.16.3.202,-,0cd8.57c8.cb07,ARPA,GigabitEthernet0/7
DR1,Internet,10.0.1.9,12,0cd8.5768.5703,ARPA,GigabitEthernet0/1
DR1,Internet,10.0.1.10,-,0cd8.57c1.e701,ARPA,GigabitEthernet0/1
DR1,Internet,10.0.2.9,12,0cd8.57c8.cb03,ARPA,GigabitEthernet0/2
DR1,Internet,10.0.2.10,-,0cd8.57c1.e702,ARPA,GigabitEthernet0/2
DR1,Internet,10.0.5.1,-,0cd8.57c1.e700,ARPA,GigabitEthernet0/0
DR1,Internet,10.0.5.2,12,0cd8.5789.8100,ARPA,GigabitEthernet0/0
DR1,Internet,10.0.5.5,-,0cd8.57c1.e703,ARPA,GigabitEthernet0/3
DR1,Internet,10.0.5.6,12,0cd8.57b0.8200,ARPA,GigabitEthernet0/3
DR1,Internet,10.0.5.9,-,0cd8.57c1.e704,ARPA,GigabitEthernet0/4
DR1,Internet,10.0.5.10,12,0cd8.5761.2c00,ARPA,GigabitEthernet0/4
DR1,Internet,10.0.5.13,-,0cd8.57c1.e705,ARPA,GigabitEthernet0/5
DR1,Internet,10.0.5.14,12,0cd8.571a.9400,ARPA,GigabitEthernet0/5
DR1,Internet,172.16.3.1,0,000c.29ab.f1f6,ARPA,GigabitEthernet0/7
DR1,Internet,172.16.3.203,-,0cd8.57c1.e707,ARPA,GigabitEthernet0/7
DR2,Internet,10.0.1.13,12,0cd8.5768.5704,ARPA,GigabitEthernet0/1
DR2,Internet,10.0.1.14,-,0cd8.5789.8101,ARPA,GigabitEthernet0/1
DR2,Internet,10.0.2.13,12,0cd8.57c8.cb04,ARPA,GigabitEthernet0/2
DR2,Internet,10.0.2.14,-,0cd8.5789.8102,ARPA,GigabitEthernet0/2
DR2,Internet,10.0.5.1,12,0cd8.57c1.e700,ARPA,GigabitEthernet0/0
DR2,Internet,10.0.5.2,-,0cd8.5789.8100,ARPA,GigabitEthernet0/0
DR2,Internet,10.0.6.1,-,0cd8.5789.8103,ARPA,GigabitEthernet0/3
DR2,Internet,10.0.6.2,12,0cd8.57b0.8201,ARPA,GigabitEthernet0/3
DR2,Internet,10.0.6.5,-,0cd8.5789.8104,ARPA,GigabitEthernet0/4
DR2,Internet,10.0.6.6,12,0cd8.5761.2c01,ARPA,GigabitEthernet0/4
DR2,Internet,10.0.6.9,-,0cd8.5789.8105,ARPA,GigabitEthernet0/5
DR2,Internet,10.0.6.10,12,0cd8.571a.9401,ARPA,GigabitEthernet0/5
DR2,Internet,172.16.3.1,0,000c.29ab.f1f6,ARPA,GigabitEthernet0/7
DR2,Internet,172.16.3.204,-,0cd8.5789.8107,ARPA,GigabitEthernet0/7
HQ_DR1,Internet,10.0.1.17,12,0cd8.5768.5705,ARPA,GigabitEthernet0/1
HQ_DR1,Internet,10.0.1.18,-,0cd8.579f.7201,ARPA,GigabitEthernet0/1
HQ_DR1,Internet,10.0.2.17,12,0cd8.57c8.cb05,ARPA,GigabitEthernet0/2
HQ_DR1,Internet,10.0.2.18,-,0cd8.579f.7202,ARPA,GigabitEthernet0/2
HQ_DR1,Internet,10.0.3.1,-,0cd8.579f.7200,ARPA,GigabitEthernet0/0
HQ_DR1,Internet,10.0.3.2,12,0cd8.578a.fe00,ARPA,GigabitEthernet0/0
HQ_DR1,Internet,10.0.3.5,-,0cd8.579f.7203,ARPA,GigabitEthernet0/3
HQ_DR1,Internet,10.0.3.6,12,0cd8.5788.3b00,ARPA,GigabitEthernet0/3
HQ_DR1,Internet,172.16.3.1,0,000c.29ab.f1f6,ARPA,GigabitEthernet0/7
HQ_DR1,Internet,172.16.3.205,-,0cd8.579f.7207,ARPA,GigabitEthernet0/7
HQ_DR2,Internet,10.0.1.21,12,0cd8.5768.5706,ARPA,GigabitEthernet0/1
HQ_DR2,Internet,10.0.1.22,-,0cd8.578a.fe01,ARPA,GigabitEthernet0/1
HQ_DR2,Internet,10.0.2.21,12,0cd8.57c8.cb06,ARPA,GigabitEthernet0/2
HQ_DR2,Internet,10.0.2.22,-,0cd8.578a.fe02,ARPA,GigabitEthernet0/2
HQ_DR2,Internet,10.0.3.1,12,0cd8.579f.7200,ARPA,GigabitEthernet0/0
HQ_DR2,Internet,10.0.3.2,-,0cd8.578a.fe00,ARPA,GigabitEthernet0/0
HQ_DR2,Internet,10.0.3.9,-,0cd8.578a.fe03,ARPA,GigabitEthernet0/3
HQ_DR2,Internet,10.0.3.10,12,0cd8.5788.3b01,ARPA,GigabitEthernet0/3
HQ_DR2,Internet,172.16.3.1,0,000c.29ab.f1f6,ARPA,GigabitEthernet0/7
HQ_DR2,Internet,172.16.3.206,-,0cd8.578a.fe07,ARPA,GigabitEthernet0/7
HQ_R1,Internet,10.0.3.5,12,0cd8.579f.7203,ARPA,GigabitEthernet0/0
HQ_R1,Internet,10.0.3.6,-,0cd8.5788.3b00,ARPA,GigabitEthernet0/0
HQ_R1,Internet,10.0.3.9,12,0cd8.578a.fe03,ARPA,GigabitEthernet0/1
HQ_R1,Internet,10.0.3.10,-,0cd8.5788.3b01,ARPA,GigabitEthernet0/1
HQ_R1,Internet,172.16.0.1,-,0cd8.5788.3b02,ARPA,GigabitEthernet0/2
HQ_R1,Internet,172.16.1.1,-,0cd8.5788.3b03,ARPA,GigabitEthernet0/3
HQ_R1,Internet,172.16.2.1,-,0cd8.5788.3b04,ARPA,GigabitEthernet0/4
HQ_R1,Internet,172.16.3.1,0,000c.29ab.f1f6,ARPA,GigabitEthernet0/7
HQ_R1,Internet,172.16.3.207,-,0cd8.5788.3b07,ARPA,GigabitEthernet0/7
HQ_R1,Internet,172.16.30.1,-,0cd8.5788.3b05,ARPA,GigabitEthernet0/5
EDR1,Internet,10.0.1.1,12,0cd8.5768.5701,ARPA,GigabitEthernet0/1
EDR1,Internet,10.0.1.2,-,0cd8.57e1.fd01,ARPA,GigabitEthernet0/1
EDR1,Internet,10.0.2.1,12,0cd8.57c8.cb01,ARPA,GigabitEthernet0/2
EDR1,Internet,10.0.2.2,-,0cd8.57e1.fd02,ARPA,GigabitEthernet0/2
EDR1,Internet,10.0.4.1,-,0cd8.57e1.fd00,ARPA,GigabitEthernet0/0
EDR1,Internet,10.0.4.2,12,0cd8.57d5.8c00,ARPA,GigabitEthernet0/0
EDR1,Internet,10.0.4.5,-,0cd8.57e1.fd03,ARPA,GigabitEthernet0/3
EDR1,Internet,10.0.4.6,12,0cd8.574b.a100,ARPA,GigabitEthernet0/3
EDR1,Internet,10.0.4.9,-,0cd8.57e1.fd04,ARPA,GigabitEthernet0/4
EDR1,Internet,10.0.4.10,12,0cd8.57f2.4e00,ARPA,GigabitEthernet0/4
EDR1,Internet,172.16.3.1,0,000c.29ab.f1f6,ARPA,GigabitEthernet0/7
EDR1,Internet,172.16.3.208,-,0cd8.57e1.fd07,ARPA,GigabitEthernet0/7
EDR2,Internet,10.0.1.5,12,0cd8.5768.5702,ARPA,GigabitEthernet0/1
EDR2,Internet,10.0.1.6,-,0cd8.57d5.8c01,ARPA,GigabitEthernet0/1
EDR2,Internet,10.0.2.5,12,0cd8.57c8.cb02,ARPA,GigabitEthernet0/2
EDR2,Internet,10.0.2.6,-,0cd8.57d5.8c02,ARPA,GigabitEthernet0/2
EDR2,Internet,10.0.4.1,12,0cd8.57e1.fd00,ARPA,GigabitEthernet0/0
EDR2,Internet,10.0.4.2,-,0cd8.57d5.8c00,ARPA,GigabitEthernet0/0
EDR2,Internet,10.0.4.13,-,0cd8.57d5.8c03,ARPA,GigabitEthernet0/3
EDR2,Internet,10.0.4.14,12,0cd8.574b.a101,ARPA,GigabitEthernet0/3
EDR2,Internet,10.0.4.17,-,0cd8.57d5.8c04,ARPA,GigabitEthernet0/4
EDR2,Internet,10.0.4.18,12,0cd8.57f2.4e01,ARPA,GigabitEthernet0/4
EDR2,Internet,172.16.3.1,0,000c.29ab.f1f6,ARPA,GigabitEthernet0/7
EDR2,Internet,172.16.3.209,-,0cd8.57d5.8c07,ARPA,GigabitEthernet0/7
ER1,Internet,10.0.4.5,12,0cd8.57e1.fd03,ARPA,GigabitEthernet0/0
ER1,Internet,10.0.4.6,-,0cd8.574b.a100,ARPA,GigabitEthernet0/0
ER1,Internet,10.0.4.13,12,0cd8.57d5.8c03,ARPA,GigabitEthernet0/1
ER1,Internet,10.0.4.14,-,0cd8.574b.a101,ARPA,GigabitEthernet0/1
ER1,Internet,172.16.3.1,0,000c.29ab.f1f6,ARPA,GigabitEthernet0/7
ER1,Internet,172.16.3.210,-,0cd8.574b.a107,ARPA,GigabitEthernet0/7
ER1,Internet,192.168.10.2,-,0cd8.574b.a102,ARPA,GigabitEthernet0/2
ER2,Internet,10.0.4.9,13,0cd8.57e1.fd04,ARPA,GigabitEthernet0/0
ER2,Internet,10.0.4.10,-,0cd8.57f2.4e00,ARPA,GigabitEthernet0/0
ER2,Internet,10.0.4.17,13,0cd8.57d5.8c04,ARPA,GigabitEthernet0/1
ER2,Internet,10.0.4.18,-,0cd8.57f2.4e01,ARPA,GigabitEthernet0/1
ER2,Internet,172.16.3.1,0,000c.29ab.f1f6,ARPA,GigabitEthernet0/7
ER2,Internet,172.16.3.211,-,0cd8.57f2.4e07,ARPA,GigabitEthernet0/7
ER2,Internet,192.168.10.6,-,0cd8.57f2.4e02,ARPA,GigabitEthernet0/2
BR1,Internet,10.0.5.5,13,0cd8.57c1.e703,ARPA,GigabitEthernet0/0
BR1,Internet,10.0.5.6,-,0cd8.57b0.8200,ARPA,GigabitEthernet0/0
BR1,Internet,10.0.6.1,13,0cd8.5789.8103,ARPA,GigabitEthernet0/1
BR1,Internet,10.0.6.2,-,0cd8.57b0.8201,ARPA,GigabitEthernet0/1
BR1,Internet,172.16.3.1,0,000c.29ab.f1f6,ARPA,GigabitEthernet0/7
BR1,Internet,172.16.3.212,-,0cd8.57b0.8207,ARPA,GigabitEthernet0/7
BR1,Internet,172.17.0.1,-,0cd8.57b0.8202,ARPA,GigabitEthernet0/2
BR2,Internet,10.0.5.9,13,0cd8.57c1.e704,ARPA,GigabitEthernet0/0
BR2,Internet,10.0.5.10,-,0cd8.5761.2c00,ARPA,GigabitEthernet0/0
BR2,Internet,10.0.6.5,13,0cd8.5789.8104,ARPA,GigabitEthernet0/1
BR2,Internet,10.0.6.6,-,0cd8.5761.2c01,ARPA,GigabitEthernet0/1
BR2,Internet,172.16.3.1,0,000c.29ab.f1f6,ARPA,GigabitEthernet0/7
BR2,Internet,172.16.3.213,-,0cd8.5761.2c07,ARPA,GigabitEthernet0/7
BR2,Internet,172.18.0.1,-,0cd8.5761.2c02,ARPA,GigabitEthernet0/2
BR3,Internet,10.0.5.13,13,0cd8.57c1.e705,ARPA,GigabitEthernet0/0
BR3,Internet,10.0.5.14,-,0cd8.571a.9400,ARPA,GigabitEthernet0/0
BR3,Internet,10.0.6.9,13,0cd8.5789.8105,ARPA,GigabitEthernet0/1
BR3,Internet,10.0.6.10,-,0cd8.571a.9401,ARPA,GigabitEthernet0/1
BR3,Internet,172.16.3.1,0,000c.29ab.f1f6,ARPA,GigabitEthernet0/7
BR3,Internet,172.16.3.214,-,0cd8.571a.9407,ARPA,GigabitEthernet0/7
BR3,Internet,172.19.0.1,-,0cd8.571a.9402,ARPA,GigabitEthernet0/2
